name,size
&quot;Bungaku Shoujo&quot; Kyou no Oyatsu: Hatsukoi,False
&quot;Bungaku Shoujo&quot; Memoire,False
&quot;Bungaku Shoujo&quot; Movie,False
.hack//G.U. Returner,False
.hack//G.U. Trilogy,False
.hack//Gift,False
.hack//Liminality,False
.hack//Quantum,False
.hack//Roots,False
.hack//Sign,True
.hack//Tasogare no Udewa Densetsu,False
07-Ghost,True
12-sai.: Chicchana Mune no Tokimeki,False
3x3 Eyes,False
91 Days,False
A-Channel,False
A-Channel+smile,False
AKB0048,False
AKB0048: Next Stage,False
Aa! Megami-sama!,False
Aa! Megami-sama! (2011),False
Aa! Megami-sama! (TV),True
Aa! Megami-sama! Movie,False
Aa! Megami-sama!: Chichaitte Koto wa Benri da ne,False
Aa! Megami-sama!: Sorezore no Tsubasa,False
Accel World,True
Accel World EX,False
Accel World: InfiniteâBurst,False
Acchi Kocchi (TV),True
Active Raid: Kidou Kyoushuushitsu Dai Hachi Gakari,False
Afro Samurai,True
Afro Samurai Movie,False
Afro Samurai: Resurrection,False
After War Gundam X,False
Ai Tenchi Muyou!,False
Aikatsu!,False
Air,True
Air Master,False
Air Movie,False
Aishiteruze Babyââ,False
Aiura,False
Ajin,False
Ajin Part 1: Shoudou,False
Akagami no Shirayuki-hime,False
Akagami no Shirayuki-hime 2nd Season,False
"Akagami no Shirayuki-hime: Nandemonai Takaramono, Kono Page",False
Akame ga Kill!,True
Akane Maniax,False
Akatsuki no Yona,True
Akira,True
Aku no Hana,False
Akuma no Riddle,False
Aldnoah.Zero,True
Aldnoah.Zero 2nd Season,True
Alien 9,False
Allison to Lillia,False
Amaama to Inazuma,False
Amagami SS,True
Amagami SS OVA,False
Amagami SS+ Plus,False
Amagi Brilliant Park,True
Amanchu!,False
Amatsuki,False
Ame-iro Cocoa,False
Amnesia,True
Amnesia OVA,False
Ange Vierge,False
Angel Beats!,True
Angel&#039;s Feather,False
Anitore! EX,False
Anne Happyâª,False
Ano Hi Mita Hana no Namae wo Bokutachi wa Mada Shiranai.,True
Ano Hi Mita Hana no Namae wo Bokutachi wa Mada Shiranai. Movie,False
Ano Natsu de Matteru,True
Another,True
Another: The Other - Inga,True
Ansatsu Kyoushitsu (TV),True
Ansatsu Kyoushitsu (TV) 2nd Season,False
Ansatsu Kyoushitsu: 365-nichi no Jikan,False
Ao Haru Ride,True
Ao Haru Ride OVA,False
Ao no 6-gou,False
Ao no Exorcist,True
Ao no Exorcist Movie,True
Ao no Kanata no Four Rhythm,False
Aoharu x Kikanjuu,False
Aoi Bungaku Series,False
Aoi Hana,False
Aoki Hagane no Arpeggio: Ars Nova,False
Appleseed,False
Appleseed (Movie),False
Appleseed Saga Ex Machina,False
Aquarion Evol,False
Arakawa Under the Bridge,True
Arakawa Under the Bridge x Bridge,False
Arata Kangatari,False
Arata naru Sekai: World&#039;s/Start/Load/End,False
Arcana Famiglia: Capriccio - stile Arcana Famiglia,False
Area no Kishi,False
Argento Soma,False
Aria The Animation,False
Aria The Natural,False
Aria The OVA: Arietta,False
Aria The Origination,False
Armitage III,False
Arslan Senki (TV),False
Arslan Senki (TV): Fuujin Ranbu,False
Arve Rezzle: Kikaijikake no Yousei-tachi,False
Asatte no Houkou.,False
Ashita no Joe,False
Ashita no Nadja,False
Asura,False
Asura Cryin&#039;,False
Asura Cryin&#039; 2,False
Aura: Maryuuin Kouga Saigo no Tatakai,False
Ayakashi,False
Ayakashi: Japanese Classic Horror,False
Ayashi no Ceres,False
Azumanga Daioh,True
B-Project: Kodouï¼Ambitious,False
Baby Steps,False
Baby Steps 2nd Season,False
Baccano!,True
Baka to Test to Shoukanjuu,True
Baka to Test to Shoukanjuu Ni!,True
Baka to Test to Shoukanjuu: Matsuri,False
Bakemono no Ko,False
Bakemonogatari,True
Bakugan Battle Brawlers,False
Bakugan Battle Brawlers: New Vestroia,False
Bakuman.,True
Bakuman. 2nd Season,True
Bakuman. 3rd Season,False
Bakumatsu Rock,False
Bakuon!!,False
Bakuretsu Tenshi,False
Bakuten Shoot Beyblade,False
Bakuten Shoot Beyblade 2002,False
Bakuten Shoot Beyblade G Revolution,False
Bamboo Blade,False
Bananya,False
Barakamon,True
Bartender,False
Basilisk: Kouga Ninpou Chou,False
Batman: Gotham Knight,False
Battery,False
Bayonetta: Bloody Fate,False
Beck,True
Beelzebub,True
Ben-To,True
Berserk,True
Berserk (2016),False
Berserk: Ougon Jidai-hen I - Haou no Tamago,False
Berserk: Ougon Jidai-hen II - Doldrey Kouryaku,False
Berserk: Ougon Jidai-hen III - Kourin,False
Big Order,False
Big Order (TV),False
Binan Koukou Chikyuu Bouei-bu LOVE!,False
Binan Koukou Chikyuu Bouei-bu LOVE! LOVE!,False
Binbougami ga!,False
Binzume Yousei,False
Biohazard: Degeneration,False
Bishoujo Senshi Sailor Moon,True
Bishoujo Senshi Sailor Moon Crystal Season III,False
Bishoujo Senshi Sailor Moon R,True
Bishoujo Senshi Sailor Moon R: The Movie,False
Bishoujo Senshi Sailor Moon S,True
Bishoujo Senshi Sailor Moon S: Kaguya Hime no Koibito,False
Bishoujo Senshi Sailor Moon SuperS,False
Bishoujo Senshi Sailor Moon SuperS: Sailor 9 Senshi Shuuketsu! Black Dream Hole no Kiseki,False
Bishoujo Senshi Sailor Moon: Sailor Stars,False
Black Blood Brothers,False
Black Bullet,True
Black Cat,True
Black Jack,False
Black Jack (TV),False
Black Lagoon,True
Black Lagoon: Roberta&#039;s Blood Trail,False
Black Lagoon: The Second Barrage,True
BlackâRock Shooter (OVA),True
BlackâRock Shooter (TV),True
Blade,False
Blade &amp; Soul,False
Blade of the Immortal,False
Blassreiter,False
BlazBlue: Alter Memory,False
Bleach,True
Bleach Movie 1: Memories of Nobody,True
Bleach Movie 2: The DiamondDust Rebellion - Mou Hitotsu no Hyourinmaru,True
Bleach Movie 3: Fade to Black - Kimi no Na wo Yobu,True
Bleach Movie 4: Jigoku-hen,True
Blood Lad,True
Blood Lad: Wagahai wa Neko de wa Nai,False
Blood+,True
Blood-C,False
Blood-C: The Last Dark,False
Blood: The Last Vampire,True
Blue Dragon,False
Blue Drop: Tenshi-tachi no Gikyoku,False
Blue Gender,False
Bobobo-bo Bo-bobo,False
Boku dake ga Inai Machi,True
Boku no Hero Academia,True
Boku no Imouto wa &quot;Osaka Okan&quot;,False
Boku wa Imouto ni Koi wo Suru,False
Boku wa Tomodachi ga Sukunai Episode 0,False
Boku wa Tomodachi ga Sukunai: Relay Shousetsu wa Ketsumatsu ga Hanpanai,False
Bokura ga Ita,True
Bokura wa Minna Kawaisou,True
Bokurano,False
Boogiepop wa Warawanai: Boogiepop Phantom,False
Boruto: Naruto the Movie,False
Boys Be...,False
Brave 10,False
Brave Story,False
Break Blade,False
Break Blade 1: Kakusei no Toki,False
Break Blade 2: Ketsubetsu no Michi,False
Break Blade 3: Kyoujin no Ato,False
Break Blade 4: Sanka no Chi,False
Break Blade 5: Shisen no Hate,False
Break Blade 6: Doukoku no Toride,False
Btooom!,True
Bubblegum Crisis,False
Bubblegum Crisis Tokyo 2040,False
Bubuki Buranki,False
Buddy Complex,False
Bungou Stray Dogs,False
Bus Gamer,False
Busou Renkin,False
Busou Shinki,False
Byousoku 5 Centimeter,True
C: The Money of Soul and Possibility Control,True
Canaan,False
Candy Boy Episode: EX01 - Mirai Yohouzu,False
Canvas 2: Niji-iro no Sketch,False
Captain Earth,False
Captain Harlock,False
Captain Tsubasa,False
Captain Tsubasa J,False
Captain Tsubasa: Road to 2002,False
Cardcaptor Sakura,True
Cardcaptor Sakura Movie 1,False
Cardcaptor Sakura Movie 2: Fuuin Sareta Card,False
Cardcaptor Sakura: Leave It to Kero-chan,False
Cardfight!! Vanguard,False
Carnival Phantasm,False
Carnival Phantasm EX Season,False
Casshern Sins,False
Cencoroll,False
Chaos Dragon: Sekiryuu Seneki,False
Charlotte,True
Cheer Danshi!!,False
Chi&#039;s Sweet Home,False
Chi&#039;s Sweet Home: Atarashii Ouchi,False
Chicchana Yukitsukai Sugar,False
Chihayafuru,False
Chihayafuru 2,False
Chihayafuru 2: Waga Mi Yo ni Furu Nagame Seshi Ma ni,False
Chikyuu Shoujo Arjuna,False
Chitose Get You!!,False
Choboraunyopomi Gekijou Ai Mai Mii,False
Chocotto Sister,False
Choujigen Game Neptune The Animation,False
Choujigen Game Neptune The Animation OVA,False
Chouyaku Hyakuninisshu: Uta Koi.,False
Chrno Crusade,True
Chrome Shelled Regios,False
Chuunibyou demo Koi ga Shitai!,True
Chuunibyou demo Koi ga Shitai! Ren,True
City Hunter,False
Clannad,True
Clannad Movie,True
Clannad: After Story,True
ClassroomâCrisis,False
Claymore,True
Code Geass: Boukoku no Akito 1 - Yokuryuu wa Maiorita,False
Code Geass: Boukoku no Akito 2 - Hikisakareshi Yokuryuu,False
Code Geass: Boukoku no Akito 3 - Kagayaku Mono Ten yori Otsu,False
Code Geass: Boukoku no Akito 4 - Nikushimi no Kioku Kara,False
Code Geass: Boukoku no Akito Final - Itoshiki Monotachi e,False
Code Geass: Hangyaku no Lelouch,True
Code Geass: Hangyaku no Lelouch R2,True
Code Geass: Hangyaku no Lelouch R2 Special Edition Zero Requiem,False
Code Geass: Hangyaku no Lelouch Special Edition Black Rebellion,False
Code Geass: Nunnally in Wonderland,False
Code:Breaker,False
Colorful (Movie),False
Comet Lucifer,False
Comic Party,False
Concrete Revolutio: Choujin Gensou,False
Concrete Revolutio: Choujin Gensou - The Last Song,False
Coppelion,False
Coquelicot-zaka kara,False
Corpse Party: Missing Footage,False
Corpse Party: Tortured Souls - Bougyakusareta Tamashii no Jukyou,True
Cossette no Shouzou,False
Cowboy Bebop,True
Cowboy Bebop: Tengoku no Tobira,True
Coyote Ragtime Show,False
Cross Ange: Tenshi to Ryuu no Rondo,False
Cross Game,False
Cuticle Tantei Inaba,False
Cyborg 009: The Cyborg Soldier,False
D-Frag!,False
D-Frag! OVA,False
D.Gray-man,True
D.Gray-man Hallow,False
D.N.Angel,True
DNAÂ²,False
DRAMAtical Murder,False
Dagashi Kashi,False
Dai Mahou Touge,False
Dance in the Vampire Bund,True
Danchigai,False
Danganronpa 3: The End of Kibougamine Gakuen - Mirai-hen,False
Danganronpa 3: The End of Kibougamine Gakuen - Zetsubou-hen,False
Danganronpa: Kibou no Gakuen to Zetsubou no Koukousei The Animation,True
Danna ga Nani wo Itteiru ka Wakaranai Ken,False
Danna ga Nani wo Itteiru ka Wakaranai Ken 2 Sure-me,False
Dansai Bunri no Crime Edge,False
Danshi Koukousei no Nichijou,True
Dantalian no Shoka,False
Dantalian no Shoka: Ibarahime,False
Dareka no Manazashi,False
Darker than Black: Kuro no Keiyakusha,True
Darker than Black: Ryuusei no Gemini,True
Date A Live: Encore OVA,False
Dead Leaves,False
Deadman Wonderland,True
Deadman Wonderland OVA,True
Death Billiards,False
Death Note,True
Death Parade,True
Demashita! Powerpuff Girls Z,False
Denki-gai no Honya-san,False
Dennou Coil,False
Denpa Kyoushi (TV),False
Denpa Onna to Seishun Otoko,True
Denpa-teki na Kanojo,False
Densetsu no Yuusha no Densetsu,False
Detective Conan Movie 01: The Timed Skyscraper,False
Detective Conan Movie 02: The Fourteenth Target,False
Detective Conan Movie 03: The Last Wizard of the Century,False
Detective Conan Movie 04: Captured in Her Eyes,False
Detective Conan Movie 05: Countdown to Heaven,False
Detective Conan Movie 06: The Phantom of Baker Street,False
Detective Conan Movie 07: Crossroad in the Ancient Capital,False
Detective Conan Movie 08: Magician of the Silver Sky,False
Detective Conan Movie 09: Strategy Above the Depths,False
Detective Conan Movie 10: Requiem of the Detectives,False
Detective Conan Movie 11: Jolly Roger in the Deep Azure,False
Detective Conan Movie 12: Full Score of Fear,False
Detective Conan Movie 13: The Raven Chaser,False
Detective Conan Movie 14: The Lost Ship in the Sky,False
Detective Conan Movie 15: Quarter of Silence,False
Detective Conan Movie 16: The Eleventh Striker,False
Detective Conan Movie 17: Private Eye in the Distant Sea,False
Detroit Metal City,True
Devil May Cry,True
Devil Survivor 2 The Animation,False
Diamond no Ace,False
Diamond no Ace: Second Season,False
Digimon Adventure,True
Digimon Adventure 02,True
Digimon Adventure 02 Movies,False
Digimon Adventure 02: Diablomon no Gyakushuu,False
Digimon Adventure Movie,True
Digimon Adventure tri. 1: Saikai,False
Digimon Adventure tri. 2: Ketsui,False
Digimon Adventure tri. 3: Kokuhaku,False
Digimon Adventure: Bokura no War Game!,False
Digimon Frontier,False
Digimon Savers,False
Digimon Tamers,True
Digimon Tamers: Boukensha-tachi no Tatakai,False
Digimon Tamers: Bousou Digimon Tokkyuu,False
Digimon Xros Wars,False
Dimension W,False
Divine Gate,False
Dog Days,False
Dog Days&#039;,False
Dog Days&#039;&#039;,False
Dogs: Bullets &amp; Carnage,False
Donten ni Warau,False
Doraemon (1979),False
Doujin Work,False
Doukyuusei (Movie),False
Dragon Ball,True
Dragon Ball GT,True
Dragon Ball Kai,False
Dragon Ball Kai (2014),False
Dragon Ball Movie 1: Shen Long no Densetsu,False
Dragon Ball Movie 2: Majinjou no Nemuri Hime,False
Dragon Ball Movie 3: Makafushigi Daibouken,False
Dragon Ball Movie 4: Saikyou e no Michi,False
Dragon Ball Z,True
Dragon Ball Z Movie 01: Ora no Gohan wo Kaese!!,False
Dragon Ball Z Movie 02: Kono Yo de Ichiban Tsuyoi Yatsu,False
Dragon Ball Z Movie 03: Chikyuu Marugoto Choukessen,False
Dragon Ball Z Movie 04: Super Saiyajin da Son Gokuu,False
Dragon Ball Z Movie 05: Tobikkiri no Saikyou tai Saikyou,False
Dragon Ball Z Movie 06: Gekitotsu!! 100-oku Power no Senshi-tachi,False
Dragon Ball Z Movie 07: Kyokugen Battle!! Sandai Super Saiyajin,False
"Dragon Ball Z Movie 08: Moetsukiro!! Nessen, Ressen, Chougekisen",False
Dragon Ball Z Movie 09: Ginga Girigiri!! Bucchigiri no Sugoi Yatsu,False
Dragon Ball Z Movie 10: Kiken na Futari! Super Senshi wa Nemurenai,False
Dragon Ball Z Movie 11: Super Senshi Gekiha!! Katsu no wa Ore da,False
Dragon Ball Z Movie 12: Fukkatsu no Fusion!! Gokuu to Vegeta,False
Dragon Ball Z Movie 13: Ryuuken Bakuhatsu!! Goku ga Yaraneba Dare ga Yaru,False
Dragon Ball Z Movie 14: Kami to Kami,False
Dragon Ball Z Movie 15: Fukkatsu no F,False
Dragon Ball Z: Saiya-jin Zetsumetsu Keikaku,False
Dragon Ball: Super Saiya-jin Zetsumetsu Keikaku,False
Dragon Crisis!,False
Dragon Drive,False
Dragonaut: The Resonance,False
Druaga no Tou: The Aegis of Uruk,False
Druaga no Tou: The Sword of Uruk,False
Duel Masters,False
Dungeon ni Deai wo Motomeru no wa Machigatteiru Darou ka,True
Dungeon ni Deai wo Motomeru no wa Machigatteiru Darou ka OVA,False
Durarara!!,True
Durarara!!x2 Ketsu,False
Durarara!!x2 Shou,True
Durarara!!x2 Ten,False
Eikoku Koi Monogatari Emma,False
El Cazador de la Bruja,False
Elfen Lied,True
Endride,False
Erementar Gerad,False
Ergo Proxy,True
Escaflowne,False
Escha &amp; Logy no Atelier: Tasogare no Sora no Renkinjutsushi,False
Etotama,False
Eureka Seven,True
Eureka Seven AO,False
Eureka Seven: Pocket ga Niji de Ippai,False
Evangelion: 1.0 You Are (Not) Alone,True
Evangelion: 2.0 You Can (Not) Advance,True
Evangelion: 3.0 You Can (Not) Redo,True
Eve no Jikan (Movie),False
Eyeshield 21,False
FLCL,True
Fairy Tail,True
Fairy Tail (2014),False
Fairy Tail Movie 1: Houou no Miko,False
Fairy Tail x Rave,False
Fantasista Doll,False
Fantastic Children,False
Fate/Prototype,False
Fate/Zero,True
Fate/Zero 2nd Season,True
Fate/kaleid liner PrismaâIllya,False
Fate/kaleid liner PrismaâIllya 2wei Herz!,False
Fate/kaleid liner PrismaâIllya 2wei!,False
Fate/kaleid liner PrismaâIllya 3rei!!,False
Fate/kaleid liner PrismaâIllya: Undoukai de Dance!,False
Fate/stay night,True
Fate/stay night Movie: Unlimited Blade Works,False
Fate/stay night TV Reproduction,False
Fate/stay night: Unlimited Blade Works,True
Fate/stay night: Unlimited Blade Works 2nd Season,True
Final Approach,False
Final Fantasy VII: Advent Children,True
Final Fantasy VII: Advent Children Complete,True
Final Fantasy VII: Last Order,False
Final Fantasy VII: On the Way to a Smile - Episode: Denzel,False
Final Fantasy: The Spirits Within,True
Final Fantasy: Unlimited,False
First Squad: The Moment of Truth,False
Flying Witch,False
Fortune Arterial: Akai Yakusoku,False
Fractale,False
Free!,True
Free!: Eternal Summer,True
Freedom,False
Fruits Basket,True
Fudanshi Koukou Seikatsu,False
Fukigen na Mononokean,False
Full Metal Panic!,True
Full Metal Panic! The Second Raid,True
Full Metal Panic? Fumoffu,True
Full Moon wo Sagashite,False
Fullmetal Alchemist,True
Fullmetal Alchemist: Brotherhood,True
Fullmetal Alchemist: Premium Collection,False
Fullmetal Alchemist: The Conqueror of Shamballa,True
Fullmetal Alchemist: The Sacred Star of Milos,False
Fuse: Teppou Musume no Torimonochou,False
Fushigi Yuugi,False
Fushigi Yuugi OVA,False
Fushigi Yuugi OVA 2,False
Fushigi no Umi no Nadia,False
Futakoi,False
Futakoi Alternative,False
Futari wa Precure,False
Futsuu no Joshikousei ga [Locodol] Yattemita.,False
Fuuun Ishin DaiâShogun,False
GA: Geijutsuka Art Design Class,False
GJ-bu,False
Ga-Rei: Zero,True
Gake no Ue no Ponyo,True
Gakkou no Kaidan,False
Gakkougurashi!,False
Gakuen Alice,False
Gakuen Heaven,False
Gakuen Utopia Manabi Straight!,False
Galaxy Angel,False
Galilei Donna,False
Gangsta.,True
Gankutsuou,False
Gantz,True
Gantz 2nd Stage,True
Garo: Guren no Tsuki,False
Garo: Honoo no Kokuin,False
Gatchaman Crowds,False
Gatchaman Crowds Insight,False
Gate Keepers,False
"Gate: Jieitai Kanochi nite, Kaku Tatakaeri",True
"Gate: Jieitai Kanochi nite, Kaku Tatakaeri 2nd Season",False
Gedo Senki,True
Gekkan Shoujo Nozaki-kun,True
Genei wo Kakeru Taiyou,False
Genius Party,False
Genshiken,False
Genshiken 2,False
Genshiken Nidaime,False
Genshiken OVA,False
Gensoumaden Saiyuuki,False
GetBackers,False
Ghost Hunt,True
Ghost in the Shell,True
Ghost in the Shell (2015),False
Ghost in the Shell 2.0,False
Ghost in the Shell 2: Innocence,True
Ghost in the Shell: Arise - Alternative Architecture,False
Ghost in the Shell: Arise - Border:1 Ghost Pain,False
Ghost in the Shell: Arise - Border:2 Ghost Whispers,False
Ghost in the Shell: Arise - Border:3 Ghost Tears,False
Ghost in the Shell: Arise - Border:4 Ghost Stands Alone,False
Ghost in the Shell: Stand Alone Complex,True
Ghost in the Shell: Stand Alone Complex 2nd GIG,True
Giant Killing,False
Gilgamesh,False
Gin no Saji,False
Gin no Saji 2nd Season,False
Ginban Kaleidoscope,False
Ginga Eiyuu Densetsu,False
Ginga Eiyuu Densetsu: Waga Yuku wa Hoshi no Taikai,False
Ginga Kikoutai Majestic Prince,False
Gingitsune,False
Giniro no Kami no Agito,False
Gintama,False
Gintama Movie: Kanketsu-hen - Yorozuya yo Eien Nare,False
Gintama Movie: Shinyaku Benizakura-hen,False
Gintama&#039;,False
Gintama&#039;: Enchousen,False
GintamaÂ°,False
GintamaÂ°: Aizome Kaori-hen,False
Girlfriend (Kari),False
Girls und Panzer,False
Girls und Panzer der Film,False
Girls und Panzer: Kore ga Hontou no Anzio-sen Desu!,False
Glass no Hana to Kowasu Sekai,False
Glass no Kamen (2005),False
Glasslip,False
Gochuumon wa Usagi Desu ka?,False
Gochuumon wa Usagi Desu ka??,False
God Eater,False
Goku Sayonara Zetsubou Sensei,False
Gokukoku no Brynhildr,True
Gokusen,False
Golden Time,True
Golgo 13 (TV),False
Gosick,True
Grappler Baki (TV),False
Grappler Baki: Saidai Tournament-hen,False
Gravitation,True
Gravitation: Lyrics of Love,False
Great Teacher Onizuka,True
Groove Adventure Rave,False
Gugure! Kokkuri-san,False
Guilty Crown,True
Guilty Crown: Lost Christmas,False
Guin Saga,False
Gun x Sword,False
Gundam Build Fighters,False
Gundam Build Fighters Try,False
Gundam: G no Reconguista,False
Gungrave,False
Gunnm,False
Gunslinger Girl,True
Gunslinger Girl: Il Teatrino,False
Gunslinger Girl: Il Teatrino OVA,False
Gunslinger Stratos: The Animation,False
Gunsmith Cats,False
Gyakkyou Burai Kaiji: Hakairoku-hen,False
Gyakkyou Burai Kaiji: Ultimate Survivor,False
"Gyakuten Saiban: Sono &quot;Shinjitsu&quot;, Igi Ari!",False
Gyo,False
Hachimitsu to Clover,False
Hachimitsu to Clover II,False
Hacka Doll The Animation,False
Hadashi no Gen,False
Hai to Gensou no Grimgar,False
Haibane Renmei,True
Haikyuu!!,True
Haikyuu!! Movie 1: Owari to Hajimari,False
Haikyuu!! OVA,False
Haikyuu!! Second Season,False
Haikyuu!!: Karasuno Koukou VS Shiratorizawa Gakuen Koukou,False
Haiyore! Nyaruko-san,True
Haiyore! Nyaruko-san F,False
Haiyore! Nyaruko-san W,False
Haiyore! Nyaruko-san: Yasashii Teki no Shitome-kata,False
Haiyoru! Nyaruani,False
Haiyoru! Nyaruani: Remember My Love(craft-sensei),False
Hajime no Ippo,True
Hajime no Ippo: Mashiba vs. Kimura,False
Hajime no Ippo: New Challenger,False
Hajime no Ippo: Rising,False
Hakkenden: Touhou Hakken Ibun,False
Hakkenden: Touhou Hakken Ibun 2nd Season,False
Hakuouki,False
Hakuouki Hekketsuroku,False
Hakuouki Reimeiroku,False
Hakuouki Sekkaroku,False
Hakushaku to Yousei,False
Hal,False
Hamatora The Animation,False
Hametsu no Mars,False
Hana yori Dango,False
Hanamaru Youchien,False
Hanamonogatari,False
Hanasakeru Seishounen,False
Hanasaku Iroha,False
Hanasaku Iroha: Home Sweet Home,False
Hanayamata,False
Hanbun no Tsuki ga Noboru Sora,False
Handa-kun,False
Harmonie,False
Harmony,False
HaruChika: Haruta to Chika wa Seishun suru,False
Harukanaru Toki no Naka de: Hachiyou Shou,False
Hataraki Man,False
Hataraku Maou-sama!,True
Hatenkou Yuugi,False
Hatsukoi Limited,False
Hatsukoi Monster,False
Heartcatch Precure!,False
Heavy Object,False
Heisei Tanuki Gassen Ponpoko,False
Hello!! Kiniro Mosaic,False
Hellsing,True
Hellsing I: Digest for Freaks,False
Hellsing Ultimate,True
Heppoko Jikken Animation Excelâ¥Saga,False
Heroic Age,False
Heroman,False
"Hetalia Axis Powers Movie: Paint it, White",False
Hibike! Euphonium,False
Hidamari Sketch,False
Hidamari Sketch x 365,False
Hidamari Sketch x âââ,False
Hidan no Aria,True
Hidan no Aria AA,False
Higashi no Eden,True
Higashi no Eden Movie I: The King of Eden,True
Higashi no Eden Movie II: Paradise Lost,False
Higashi no Eden Soushuuhen: Air Communication,False
High School Fleet,False
HighâSpeed!: Free! Starting Days,False
Higurashi no Naku Koro ni,True
Higurashi no Naku Koro ni Kai,True
Higurashi no Naku Koro ni Kaku: Outbreak,False
Higurashi no Naku Koro ni Kira,False
Higurashi no Naku Koro ni Rei,True
Hiiro no Kakera,False
Hiiro no Kakera Dai Ni Shou,False
Hikaru no Go,False
Himawari!,False
Himegoto,False
Himouto! Umaru-chan,False
Himouto! Umaru-chan: Umaru-chan Mou Ikkai!,False
Hitohira,False
Hitori no Shita: The Outcast,False
Hitsugi no Chaika,False
Hitsugi no Chaika OVA,False
Hitsugi no Chaika: Avenging Battle,False
Hokuto no Ken,False
Honoo no Mirage,False
Hoozuki no Reitetsu,False
Hori-san to Miyamura-kun,False
Hoshi no Koe,True
Hoshi wo Ou Kodomo,False
Hotaru no Haka,True
Hotarubi no Mori e,True
Houkago no Pleiades (TV),False
Hourou Musuko,False
Howl no Ugoku Shiro,True
Hungry Heart: Wild Striker,False
Hunter x Hunter,True
Hunter x Hunter (2011),True
Hunter x Hunter Movie: Phantom Rouge,False
Hunter x Hunter Movie: The Last Mission,False
Hunter x Hunter OVA,False
Hunter x Hunter: Greed Island,False
Hunter x Hunter: Greed Island Final,False
Hyakko,False
Hybrid Child,False
Hyouka,True
Hyouka: Motsubeki Mono wa,False
I My Me! Strawberry Eggs,False
Ibara no Ou,False
Ichigo Mashimaro,False
Ichigo Mashimaro Encore,False
Ichigo Mashimaro OVA,False
Ikoku Meiro no CroisÃ©e The Animation,False
"Ima, Soko ni Iru Boku",False
Imawa no Kuni no Alice (OVA),False
"Inari, Konkon, Koi Iroha.",False
"Inari, Konkon, Koi Iroha.: Inari, Konkon, Semishigure.",False
Inazuma Eleven,False
Inazuma Eleven Go,False
Initial D Battle Stage,False
Initial D Extra Stage,False
Initial D Fifth Stage,False
Initial D Final Stage,False
Initial D First Stage,False
Initial D Fourth Stage,False
Initial D Second Stage,False
Initial D Third Stage,False
Innocent Venus,False
Inou-Battle wa Nichijou-kei no Naka de,False
Inu to Hasami wa Tsukaiyou,False
Inu x Boku SS,True
InuYasha,True
InuYasha: Guren no Houraijima,False
InuYasha: Kagami no Naka no Mugenjo,True
InuYasha: Kanketsu-hen,False
InuYasha: Tenka Hadou no Ken,False
InuYasha: Toki wo Koeru Omoi,False
Inugami-san to Nekoyama-san,False
"Iriya no Sora, UFO no Natsu",False
Iron Man,False
Isshuukan Friends.,False
Itazura na Kiss,True
Ixion Saga DT,False
Jigoku Shoujo,True
Jigoku Shoujo Futakomori,False
Jigoku Shoujo Mitsuganae,False
Jin-Rou,False
Jinrui wa Suitai Shimashita,False
Jinsei,False
Jitsu wa Watashi wa,False
JoJo no Kimyou na Bouken,False
JoJo no Kimyou na Bouken (TV),True
JoJo no Kimyou na Bouken: Adventure,False
JoJo no Kimyou na Bouken: Stardust Crusaders,False
JoJo no Kimyou na Bouken: Stardust Crusaders 2nd Season,False
Joker Game,False
Jormungand,False
Jormungand: Perfect Order,False
Joshiraku,False
Joukamachi no Dandelion,False
Jungle wa Itsumo Hare nochi Guu,False
Junjou Romantica,True
Junjou Romantica 2,True
Junjou Romantica 3,False
Junjou Romantica OVA,False
Junketsu no Maria,False
Juubee Ninpuuchou,True
Juubee Ninpuuchou: Ryuuhougyoku-hen,False
Juuni Kokuki,False
Juushin Enbu: Hero Tales,False
Jyu Oh Sei,False
K,True
K-On!,True
K-On! Movie,True
K-On!!,True
K: Missing Kings,False
K: Return of Kings,False
Kachou Ouji,False
Kage kara Mamoru!,False
Kagewani,False
Kaguya-hime no Monogatari,False
Kaiba,False
Kaibutsu Oujo,False
Kaichou wa Maid-sama!,True
Kakumeiki Valvrave,False
Kakumeiki Valvrave 2nd Season,False
Kakurenbo,False
Kaleido Star,False
Kami nomi zo Shiru Sekai: 4-nin to Idol,False
Kami nomi zo Shiru Sekai: Flag 0,False
Kamichama Karin,False
Kamichu!,False
Kamikaze Kaitou Jeanne,False
Kamisama Dolls,False
Kamisama Hajimemashita,True
Kamisama Hajimemashita OVA,False
Kamisama Hajimemashita: Kako-hen,False
Kamisama Hajimemashitaâ,False
Kamisama Kazoku,False
Kamisama no Inai Nichiyoubi,False
Kamisama no Memochou,False
Kannagi,False
Kannazuki no Miko,False
Kanojo to Kanojo no Neko,False
Kanojo to Kanojo no Neko: Everything Flows,False
Kanon,False
Kanon (2006),True
Kantai Collection: KanColle,False
Kara no Kyoukai 1: Fukan Fuukei,True
Kara no Kyoukai 2: Satsujin Kousatsu (Zen),True
Kara no Kyoukai 3: Tsuukaku Zanryuu,True
Kara no Kyoukai 4: Garan no Dou,True
Kara no Kyoukai 5: Mujun Rasen,True
Kara no Kyoukai 6: Boukyaku Rokuon,False
Kara no Kyoukai 7: Satsujin Kousatsu (Kou),False
Kara no Kyoukai Remix: Gate of Seventh Heaven,False
Kara no Kyoukai: Mirai Fukuin,False
Karas,False
Kareshi Kanojo no Jijou,False
Karigurashi no Arrietty,True
Karin,True
Karneval (TV),False
Kashimashi: Girl Meets Girl,False
Katanagatari,False
Katekyo Hitman Reborn!,True
Katte ni Kaizou,False
Kaze Tachinu,False
Kaze no Stigma,True
Kaze no Tani no NausicaÃ¤,True
Kekkai Sensen,False
Kekkaishi,False
Kemono no Souja Erin,False
Kemonozume,False
Kenran Butou Sai: The Mars Daybreak,False
Keroro Gunsou,False
Kiba,False
Kiddy GiRL-AND,False
Kidou Senkan Nadesico,False
Kidou Tenshi Angelic Layer,False
Kill Me Baby,False
Kill la Kill,True
Kimagure OrangeâRoad,False
Kimi ga Nozomu Eien,True
Kimi ga Nozomu Eien: Next Season,False
Kimi ni Todoke,True
Kimi ni Todoke 2nd Season,True
Kimi no Iru Machi,False
Kimi no Iru Machi: Tasogare Kousaten,False
Kimi no Na wa.,False
Kimi to Boku.,False
Kimi to Boku. 2,False
Kimikiss Pure Rouge,False
Kingdom,False
Kingdom 2nd Season,False
Kingsglaive: Final Fantasy XV,False
Kiniro Mosaic,False
Kino no Tabi: Nanika wo Suru Tame ni - Life Goes On.,False
Kino no Tabi: The Beautiful World,False
Kino no Tabi: The Beautiful World - Byouki no Kuni - For You,False
KirarinâRevolution,False
Kiseijuu: Sei no Kakuritsu,True
Kitakubu Katsudou Kiroku,False
Kite Liberator,False
Kiznaiver,False
Kizumonogatari I: Tekketsu-hen,False
Kizumonogatari II: Nekketsu-hen,False
Kobato.,False
Kodomo no Omocha (TV),False
Koe no Katachi,False
Koi Kaze,False
Koi to Senkyo to Chocolate,False
Koihimeâ Musou,False
Kokoro Connect,True
Kokoro ga Sakebitagatterunda.,False
Komori-san wa Kotowarenai!,False
Konjiki no Gash Bell!!,False
Kono Bijutsubu ni wa Mondai ga Aru!,False
"Kono Danshi, Ningyo Hiroimashita.",False
"Kono Danshi, Uchuujin to Tatakaemasu.",False
Kono Minikuku mo Utsukushii Sekai,False
Kono Subarashii Sekai ni Shukufuku wo!,True
Kono Subarashii Sekai ni Shukufuku wo! OVA,False
Kotonoha no Niwa,True
Kotoura-san,True
Koufuku Graffiti,False
Koutetsu Tenshi Kurumi,False
Koutetsujou no Kabaneri,False
Kowabon,False
Kowarekake no Orgel,False
Kuma Miko,False
"Kumo no Mukou, Yakusoku no Basho",True
Kuragehime,True
Kurau Phantom Memory,False
Kure-nai,False
Kurenai no Buta,True
Kurogane no Linebarrels,False
Kurokami The Animation,False
Kuroko no Basket,True
Kuroko no Basket 2nd Season,True
Kuroko no Basket 3rd Season,True
Kuroko no Basket: Baka ja Katenai no yo!,False
Kuromukuro,False
Kuroshitsuji,True
Kuroshitsuji II,True
Kuroshitsuji: Book of Circus,True
Kuroshitsuji: Book of Murder,False
Kurozuka,False
Kuttsukiboshi,False
Kuuchuu Buranko,False
Kuusen Madoushi Kouhosei no Kyoukan,False
Kyou kara Maou!,False
Kyou kara Maou! 3rd Series,False
Kyou kara Maou! R,False
"Kyou, Koi wo Hajimemasu",False
Kyougoku Natsuhiko: Kousetsu Hyaku Monogatari,False
Kyoukai no Kanata,True
Kyoukai no Kanata Movie: I&#039;ll Be Here - Kako-hen,False
Kyoukai no Kanata Movie: I&#039;ll Be Here - Mirai-hen,False
Kyoukai no Rinne (TV),False
Kyoukai no Rinne (TV) 2nd Season,False
Kyoukaisenjou no Horizon,False
Kyoukaisenjou no Horizon II,False
Kyouran Kazoku Nikki,False
Kyoushirou to Towa no Sora,False
Kyousou Giga (TV),False
Kyuuketsuhime Miyu (TV),False
Lamune,False
Lance N&#039; Masques,False
Last Exile,False
Last Exile: Ginyoku no Fam,False
Layton Kyouju to Eien no Utahime,False
Le Chevalier D&#039;Eon,False
Level E,False
Little Busters!,False
Little Busters!: Refrain,False
Little Busters!: Sekai no Saitou wa Ore ga Mamoru!,False
Little Witch Academia,True
Little Witch Academia: Mahoujikake no Parade,False
Lodoss-tou Senki,False
Lodoss-tou Senki: Eiyuu Kishi Den,False
Log Horizon,True
Log Horizon 2nd Season,True
Love Lab,False
Love Live! School Idol Project,True
Love Live! School Idol Project 2nd Season,False
Love Live! School Idol Project OVA,False
Love Live! Sunshine!!,False
Love Live! The School Idol Movie,False
Love Stage!!,True
Love Stage!! OVA,False
Loveless,True
LovelyâComplex,True
Luck &amp; Logic,False
LuckyâStar,True
LuckyâStar: Original na Visual to Animation,True
Lupin III,False
Lupin III (2015),False
Lupin III: Cagliostro no Shiro,False
M3: Sono Kuroki Hagane,False
Macross,False
Macross 7,False
Macross F,False
Macross F Movie 1: Itsuwari no Utahime,False
Macross F Movie 2: Sayonara no Tsubasa,False
Macross Plus,False
Macross Zero,False
Macross Î,False
Macross: Do You Remember Love?,False
Madlax,False
Magi: Sinbad no Bouken,False
Magi: Sinbad no Bouken (TV),False
Magi: The Kingdom of Magic,True
Magi: The Labyrinth of Magic,True
Magic Kaito 1412,False
Magic Knight Rayearth,False
Magic Knight Rayearth II,False
MagicalâStar Kanon 100%,False
Mahoraba: Heartful days,False
Mahou Senshi Louie,False
Mahou Sensou,False
Mahou Shoujo Lyrical Nanoha,False
Mahou Shoujo Lyrical Nanoha A&#039;s,False
Mahou Shoujo Lyrical Nanoha StrikerS,False
Mahou Shoujo Lyrical Nanoha: The Movie 1st,False
Mahou Shoujo Lyrical Nanoha: The Movie 2nd A&#039;s,False
Mahou Shoujo MadokaâMagica,True
Mahou Shoujo MadokaâMagica Movie 1: Hajimari no Monogatari,False
Mahou Shoujo MadokaâMagica Movie 2: Eien no Monogatari,False
Mahou Shoujo MadokaâMagica Movie 3: Hangyaku no Monogatari,True
Mahou Shoujo Nante Mou Ii Desukara.,False
Mahou Shoujo Taisen,False
Mahou Shoujo-tai Arusu,False
Mahouka Koukou no Rettousei,True
Mahoutsukai ni Taisetsu na Koto,False
Mahoutsukai ni Taisetsu na Koto: Natsu no Sora,False
Mai-HiME,False
Mai-Otome,False
Mai-Otome Zwei,False
Maison Ikkoku,False
Majin Tantei Nougami Neuro,False
Majo no Takkyuubin,True
Major S1,False
Major S2,False
Major S3,False
Major S4,False
Major S5,False
Major S6,False
Major: World Series,False
Majutsushi Orphen,False
Makai Ouji: Devils and Realist,False
Makai Senki Disgaea,False
Makura no Danshi,False
Mamoru-kun ni Megami no Shukufuku wo!,False
Mangirl!,False
Maoyuu Maou Yuusha,True
Mardock Scramble: The First Compression,False
Mardock Scramble: The Second Combustion,False
Mardock Scramble: The Third Exhaust,False
Maria-sama ga Miteru,False
Maria-sama ga Miteru: Haru,False
Mariaâ Holic,True
Mariaâ Holic Alive,False
Marmalade Boy,False
Matantei Loki Ragnarok,False
Mawaru Penguindrum,False
Mayoiga,False
Medarot,False
Megami Kouhosei,False
Meganebu!,False
Mekakucity Actors,True
Memories,False
Mermaid Forest,False
Mermaid Melody Pichi Pichi Pitch,False
Mermaid Melody Pichi Pichi Pitch Pure,False
Metal Fight Beyblade,False
Metropolis,False
Michiko to Hatchin,False
Mikagura Gakuen Kumikyoku,False
Mikakunin de Shinkoukei,False
Mikakunin de Shinkoukei: Kamoniku tte Midori-ppoi Aji ga Suru no ne.,False
Mimi wo Sumaseba,True
Minami-ke,False
Minami-ke Betsubara,False
Minami-ke Okaeri,False
Minami-ke Okawari,False
Minami-ke Omatase,False
Minami-ke Tadaima,False
Mind Game,False
MiracleâTrain: Oedo-sen e Youkoso,False
Mirai Nikki,True
Mirai Nikki (TV),True
Mirai Nikki Redial,True
Mirai Shounen Conan,False
Miss Monochrome: The Animation,False
Mitsu x Mitsu Drops,False
Mitsudomoe,False
Mitsudomoe Zouryouchuu!,False
Mnemosyne: Mnemosyne no Musume-tachi,False
Mob Psycho 100,False
Mobile Fighter G Gundam,False
Mobile Police Patlabor: On Television,False
Mobile Police Patlabor: The Movie,False
Mobile Suit Gundam,False
Mobile Suit Gundam 00,True
Mobile Suit Gundam 00 Second Season,False
Mobile Suit Gundam 00 The Movie: A Wakening of the Trailblazer,False
Mobile Suit Gundam 0080: War in the Pocket,False
Mobile Suit Gundam 0083: Stardust Memory,False
Mobile Suit Gundam AGE,False
Mobile Suit Gundam F91,False
Mobile Suit Gundam I,False
Mobile Suit Gundam Seed,True
Mobile Suit Gundam Seed Destiny,False
Mobile Suit Gundam Seed Destiny Final Plus: The Chosen Future,False
Mobile Suit Gundam Unicorn,False
Mobile Suit Gundam Wing,True
Mobile Suit Gundam Wing: Endless Waltz,False
Mobile Suit Gundam Wing: Endless Waltz Movie,False
Mobile Suit Gundam ZZ,False
Mobile Suit Gundam: Char&#039;s Counterattack,False
Mobile Suit Gundam: Iron-Blooded Orphans,False
Mobile Suit Gundam: The 08th MS Team,False
Mobile Suit Zeta Gundam,False
Momo e no Tegami,False
Mondaiji-tachi ga Isekai kara Kuru Sou Desu yo?,True
Mondaiji-tachi ga Isekai kara Kuru Sou Desu yo?: Onsen Manyuuki,False
Monochrome Factor,False
Monogatari Series: Second Season,True
Mononoke,False
Mononoke Hime,True
Monster,True
Monster Farm: Enbanseki no Himitsu,False
Morita-san wa Mukuchi.,False
Moshidora,False
Mouretsu Pirates,False
Mouryou no Hako,False
Mousou Dairinin,True
Moyashimon,False
Moyashimon Returns,False
Mugen no Ryvius,False
Murder Princess,False
Musaigen no Phantom World,False
Musekinin Kanchou Tylor,False
Mushibugyou,False
Mushishi,True
Mushishi Zoku Shou,False
Mushishi Zoku Shou 2nd Season,False
Mushishi Zoku Shou: Suzu no Shizuku,False
Mutsu Enmei Ryuu Gaiden: Shura no Toki,False
Muv-Luv Alternative: Total Eclipse,False
Myself; Yourself,True
MÃR,False
NHK ni Youkoso!,True
Nabari no Ou,False
Nagato Yuki-chan no Shoushitsu,False
Nagi no Asukara,True
Namiuchigiwa no Muromi-san,False
Nana,True
Nanatsu no Taizai OVA,False
Nanatsu-iroâDrops,False
Narutaru: Mukuro Naru Hoshi Tama Taru Ko,False
Naruto,True
Naruto Movie 1: Dai Katsugeki!! Yuki Hime Shinobu Houjou Dattebayo!,True
Naruto Movie 2: Dai Gekitotsu! Maboroshi no Chiteiiseki Dattebayo!,True
Naruto Movie 3: Dai Koufun! Mikazuki Jima no Animaru Panikku Dattebayo!,True
Naruto Narutimate Hero 3: Tsuini Gekitotsu! Jounin vs. Genin!! Musabetsu Dairansen taikai Kaisai!!,False
Naruto SD: Rock Lee no Seishun Full-Power Ninden,False
Naruto Soyokazeden Movie: Naruto to Mashin to Mitsu no Onegai Dattebayo!!,False
Naruto x UT,False
Naruto: Honoo no Chuunin Shiken! Naruto vs. Konohamaru!!,False
Naruto: Shippuuden Movie 1,True
Naruto: Shippuuden Movie 2 - Kizuna,True
Naruto: Shippuuden Movie 3 - Hi no Ishi wo Tsugu Mono,True
Naruto: Shippuuden Movie 4 - The Lost Tower,True
Naruto: Shippuuden Movie 5 - Blood Prison,False
Naruto: Shippuuden Movie 6 - Road to Ninja,True
Natsu no Arashi!,False
Natsu-iro Kiseki,False
Natsume Yuujinchou,True
Natsume Yuujinchou San,False
Natsume Yuujinchou Shi,False
Natsume Yuujinchou: Itsuka Yuki no Hi ni,False
Natsuyuki Rendezvous,False
Nejimaki Seirei Senki: Tenkyou no Alderamin,False
Neko no Ongaeshi,True
Nekojiru-sou,False
Nekomonogatari: Kuro,True
Neon Genesis Evangelion,True
Neon Genesis Evangelion: Death &amp; Rebirth,True
Neon Genesis Evangelion: The End of Evangelion,True
Nerawareta Gakuen,False
New Game!,False
New Prince of Tennis,False
Nichijou,True
Nichijou: Nichijou no 0-wa,False
NieA Under 7,False
Night Head Genesis,False
Night Wizard,False
Nijiiro Days,False
Nijuu Mensou no Musume,False
Ninin ga Shinobuden,False
Nisemonogatari,True
No.6,True
Nobunaga Concerto,False
Nobunaga the Fool,False
Nobunagun,False
Nodame Cantabile,True
Nodame Cantabile Finale,False
Nodame Cantabile OVA,False
Nodame Cantabile OVA 2,False
Nodame Cantabile: Paris-hen,False
Noein: Mou Hitori no Kimi e,False
Nogizaka Haruka no Himitsu,False
Nogizaka Haruka no Himitsu: Finale,False
Noir,False
Non Non Biyori,False
Non Non Biyori Repeat,False
Non Non Biyori: Okinawa e Ikukoto ni Natta,False
Noragami,True
Noragami Aragoto,True
Noragami Aragoto OVA,False
Noragami OVA,False
Norn9: Norn+Nonet,False
Nurarihyon no Mago,False
Nurarihyon no Mago: Sennen Makyou,False
Nyanpire The Animation,False
Oban Star-Racers,False
Oda Nobuna no Yabou,False
Ojamajo Doremi,False
Ojisan to Marshmallow,False
Okusama wa Joshikousei (TV),False
Omoide Poroporo,False
Omoide no Marnie,False
One Outs,False
One Piece 3D: Mugiwara Chase,False
One Piece Film: Gold,False
One Piece Film: Strong World,False
One Piece Film: Strong World Episode 0,False
One Piece Film: Z,False
One Piece Movie 1,False
One Piece Movie 2: Nejimaki-jima no Daibouken,False
One Piece Movie 3: Chinjuu-jima no Chopper Oukoku,False
One Piece Movie 4: Dead End no Bouken,False
One Piece Movie 5: Norowareta Seiken,False
One Piece Movie 6: Omatsuri Danshaku to Himitsu no Shima,False
One Piece Movie 7: Karakuri-jou no Mecha Kyohei,False
One Piece Movie 8: Episode of Alabasta - Sabaku no Oujo to Kaizoku-tachi,False
"One Piece Movie 9: Episode of Chopper Plus - Fuyu ni Saku, Kiseki no Sakura",False
One Piece: Jango no Dance Carnival,False
One Piece: Mezase! Kaizoku Yakyuu Ou,False
One Piece: Romance Dawn Story,False
One Piece: Taose! Kaizoku Ganzack,False
One Piece: Yume no Soccer Ou!,False
One Punch Man,True
One Punch Man: Road to Hero,False
Oneechan ga Kita,False
OnegaiâTeacher,True
OnegaiâTwins: Natsu wa Owaranai,False
Onigiri,False
Onsen Yousei Hakone-chan,False
Ookami Kodomo no Ame to Yuki,True
Ookami Shoujo to Kuro Ouji,True
Ookami Shoujo to Kuro Ouji OVA,False
Ookami to Koushinryou,True
Ookami to Koushinryou II,True
Ookami to Koushinryou II: Ookami to Kohakuiro no Yuuutsu,False
Ookami-san to Shichinin no Nakama-tachi,True
Ookamikakushi,False
Ookiku Furikabutte,False
Ookiku Furikabutte: Natsu no Taikai-hen,False
Ooyasan wa Shishunki!,False
Orange,False
Ore Monogatari!!,False
Ore no Imouto ga Konnani Kawaii Wake ga Nai,True
Ore no Imouto ga Konnani Kawaii Wake ga Nai.,True
"Ore no Nounai Sentakushi ga, Gakuen Love Comedy wo Zenryoku de Jama Shiteiru",True
"Ore no Nounai Sentakushi ga, Gakuen Love Comedy wo Zenryoku de Jama Shiteiru OVA",False
"Ore, Twintail ni Narimasu.",False
Orenchi no Furo Jijou,False
Oshiete! Galko-chan,False
Osomatsu-san,False
Otaku no Video,False
Otome Youkai Zakuro,False
Otome wa Boku ni Koishiteru,False
Ou Dorobou Jing,False
Ouritsu Uchuugun: Honneamise no Tsubasa,False
Over Drive,False
Overlord,True
Overlord: Ple Ple Pleiades (OVA),False
Owari no Seraph,True
Owari no Seraph: Kyuuketsuki Shahar,False
Owari no Seraph: Nagoya Kessen-hen,False
Owarimonogatari,False
Pale Cocoon,False
Pan de Peace!,False
Pandora Hearts,True
Paniponi Dash!,False
Papa no Iukoto wo Kikinasai!,False
Papa no Iukoto wo Kikinasai! OVA,False
Paprika,True
Paradise Kiss,True
Peace Maker Kurogane,False
Peach Girl,False
Perfect Blue,True
Persona 3 the Movie 1: Spring of Birth,False
Persona 3 the Movie 2: Midsummer Knight&#039;s Dream,False
Persona 3 the Movie 3: Falling Down,False
Persona 3 the Movie 4: Winter of Rebirth,False
Persona 4 the Animation,True
Persona 4 the Golden Animation,False
Persona: Trinity Soul,False
Petshop of Horrors,False
Phantasy Star Online 2 The Animation,False
Phantom: Requiem for the Phantom,True
Phi Brain: Kami no Puzzle,False
Phi Brain: Kami no Puzzle - Orpheus Order-hen,False
Phi Brain: Kami no Puzzle - Shukuteki! RÃ¤tsel-hen,False
Piano no Mori,False
Ping Pong The Animation,False
Pita Ten,False
Planetes,False
Plastic Memories,True
Pokemon,True
Pokemon Advanced Generation,False
Pokemon Advanced Generation: Mew to Hadou no Yuusha Lucario,False
Pokemon Advanced Generation: Nanayo no Negaiboshi Jirachi,False
Pokemon Advanced Generation: Pokemon Ranger to Umi no Ouji Manaphy,False
Pokemon Advanced Generation: Rekkuu no Houmonsha Deoxys,False
Pokemon Best Wishes!,False
Pokemon Best Wishes! Season 2,False
Pokemon Best Wishes! Season 2: Episode N,False
Pokemon Best Wishes! Season 2: Kyurem vs. Seikenshi,False
Pokemon Best Wishes!: Victini to Kuroki Eiyuu Zekrom,False
Pokemon Best Wishes!: Victini to Shiroki Eiyuu Reshiram,False
Pokemon Diamond &amp; Pearl,False
Pokemon Diamond &amp; Pearl: Arceus Choukoku no Jikuu e,False
Pokemon Diamond &amp; Pearl: Dialga vs. Palkia vs. Darkrai,False
Pokemon Diamond &amp; Pearl: Genei no Hasha Zoroark,False
Pokemon Diamond &amp; Pearl: Giratina to Sora no Hanataba Sheimi,False
Pokemon Housoukyoku,False
Pokemon XY,False
Pokemon XY&amp;Z,False
Pokemon: Celebi Toki wo Koeta Deai,False
Pokemon: Kesshoutou no Teiou Entei,True
Pokemon: Maboroshi no Pokemon Lugia Bakutan,True
Pokemon: Mewtwo no Gyakushuu,True
Pokemon: Mizu no Miyako no Mamorigami Latias to Latios,False
Pokemon: Pichu to Pikachu,False
Pokemon: Pikachu Tankentai,False
Pokemon: Pikachu no Natsuyasumi,False
Poyopoyo Kansatsu Nikki,False
Prince of Stride: Alternative,False
Prince of Tennis,False
Prince of Tennis: The National Tournament,False
Prince of Tennis: The National Tournament Finals,False
Prince of Tennis: The National Tournament Semifinals,False
"Prince of Tennis: The Two Samurai, The First Game",False
Princess Princess,False
Princess Tutu,False
Prism Ark,False
Psycho-Pass,True
Psycho-Pass 2,True
Psycho-Pass Movie,False
Pumpkin Scissors,False
Puni PuniâPoemii,False
Pupa,False
Pupipo!,False
Qualidea Code,False
R.O.D OVA,False
R.O.D the TV,False
RD Sennou Chousashitsu,False
RDG: Red Data Girl,False
RagnarÃ¶k the Animation,False
RahXephon,False
Rainbow: Nisha Rokubou no Shichinin,False
Rakuen Tsuihou: Expelled from Paradise,False
Ranma Â½,False
Ranma Â½ OVA,False
Ranma Â½: Chuugoku Nekonron Daikessen! Okite Yaburi no Gekitou-hen!!,False
Ranpo Kitan: Game of Laplace,False
Re-Kan!,False
Re:Zero kara Hajimeru Isekai Seikatsu,True
Re:â£Hamatora,False
ReLIFE,False
Rec,False
Recorder to Randoseru Doâª,False
Recorder to Randoseru Reâª,False
Red Garden,False
Redline,True
Regalia: The Three Sacred Stars,False
Reikenzan: Hoshikuzu-tachi no Utage,False
Rekka no Honoo,False
Rental Magica,False
Rewrite,False
RideBack,False
Rinne no Lagrange,False
Rinne no Lagrange Season 2,False
Ristorante Paradiso,False
Robotics;Notes,False
Rockman.EXE,False
Rokka no Yuusha,True
RollingâGirls,False
Romeo no Aoi Sora,False
Romeo x Juliet,False
Rose of Versailles,False
Rozen Maiden,True
Rozen Maiden (2013),False
Rozen Maiden: TrÃ¤umend,True
Rurouni Kenshin: Meiji Kenkaku Romantan,True
Rurouni Kenshin: Meiji Kenkaku Romantan - Ishinshishi e no Chinkonka,False
Rurouni Kenshin: Meiji Kenkaku Romantan - Seisou-hen,False
Rurouni Kenshin: Meiji Kenkaku Romantan - Shin Kyoto-hen,False
Rurouni Kenshin: Meiji Kenkaku Romantan - Tsuioku-hen,True
Ryuugajou Nanana no Maizoukin (TV),False
SKET Dance,False
Sabagebu!,False
Sacred Seven,False
Saint Seiya,False
Saint Seiya Omega,False
Saint Seiya: Meiou Hades Elysion-hen,False
Saint Seiya: Meiou Hades Juuni Kyuu-hen,False
Saint Seiya: Meiou Hades Meikai-hen,False
Saint Seiya: The Lost Canvas - Meiou Shinwa,False
Saint Seiya: The Lost Canvas - Meiou Shinwa 2,False
SaintâOniisan,False
SaintâOniisan (Movie),False
Saishuu Heiki Kanojo,False
Saiunkoku Monogatari,False
Saiunkoku Monogatari 2nd Season,False
Saiyuuki Reload,False
Sakamichi no Apollon,True
Sakamoto desu ga?,False
Sakasama no Patema,False
Saki,False
Saki Achiga-hen: Episode of Side-A,False
Saki Zenkoku-hen,False
Sakigake!! Cromartie Koukou,False
Sakura Trick,False
Sakurako-san no Ashimoto ni wa Shitai ga Umatteiru,False
Sakurasou no Pet na Kanojo,True
Samurai 7,False
Samurai Champloo,True
Samurai Deeper Kyou,False
Samurai Flamenco,False
Sansha Sanyou,False
Sanzoku no Musume Ronja,False
Saraiya Goyou,False
Sasameki Koto,False
Sasami-san@Ganbaranai,False
Sayonara Zetsubou Sensei,True
School Days: Valentine Days,False
School Rumble,True
School Rumble Ichi Gakki Hoshuu,False
School Rumble Ni Gakki,True
School Rumble San Gakki,False
Schwarzesmarken,False
Scrapped Princess,False
Seihou Bukyou Outlaw Star,False
Seikai no Monshou,False
Seikai no Senki,False
Seikai no Senki II,False
Seiken no Blacksmith,False
Seikimatsu Occult Gakuin,False
Seirei no Moribito,False
Seisen Cerberus: Ryuukoku no FatalitÃ©s,False
Seitokai Yakuindomo,True
Seitokai Yakuindomo OVA,False
Seitokai Yakuindomo*,False
Seiyou Kottou Yougashiten: Antique,False
Sekai Seifuku: Bouryaku no Zvezda,False
Sekaiichi Hatsukoi,True
Sekaiichi Hatsukoi 2,True
Sekaiichi Hatsukoi Movie: Yokozawa Takafumi no Baai,False
Sekaiichi Hatsukoi OVA,False
Sekaiichi Hatsukoi: Valentine-hen,False
Sekkou Boys,False
Selector Infected WIXOSS,False
Selector Spread WIXOSS,False
Sen to Chihiro no Kamikakushi,True
Sengoku Basara,False
Sengoku Basara Movie: The Last Party,False
Sengoku Basara Two,False
Sengoku Basara: Judge End,False
Sengoku Collection,False
Sengoku Musou,False
Sengoku Otome: Momoiro Paradox,False
Senjou no Valkyria,False
"Senki Zesshou Symphogear G: In the Distance, That Day, When the Star Became Music...",False
Senki Zesshou Symphogear GX: Believe in Justice and Hold a Determination to Fist.,False
"Senki Zesshou Symphogear: Meteoroid-Falling, Burning, and Disappear, Then...",False
Senkou no Night Raid,False
Sennen Joyuu,False
Senyuu.,False
Senyuu. 2,False
Serial Experiments Lain,True
Servamp,False
Servant x Service,False
Seto no Hanayome,True
Seto no Hanayome OVA,False
Shakugan no Shana,True
Shakugan no Shana II (Second),True
Shakugan no Shana III (Final),False
Shakugan no Shana Movie,False
Shakugan no Shana S,False
Shaman King,True
Shangri-La,False
Shigatsu wa Kimi no Uso,True
Shigatsu wa Kimi no Uso: Moments,False
Shigofumi,False
Shigurui,False
Shijou Saikyou no Deshi Kenichi,True
Shijou Saikyou no Deshi Kenichi OVA,False
Shikabane Hime: Aka,False
Shikabane Hime: Kuro,False
Shiki,True
Shin Angyo Onshi,False
Shin Shirayuki-hime Densetsu PrÃ©tear,False
Shingeki no Bahamut: Genesis,False
Shingeki no Kyojin,True
Shingeki no Kyojin Movie 1: Guren no Yumiya,False
Shingeki no Kyojin Movie 2: Jiyuu no Tsubasa,False
Shingeki no Kyojin OVA,True
Shingeki no Kyojin: Kuinaki Sentaku,False
Shingeki! Kyojin Chuugakkou,False
Shingetsutan Tsukihime,False
Shinigami no Ballad.,False
Shining Hearts: Shiawase no Pan,False
Shining Tears X Wind,False
Shinkyoku Soukai Polyphonica,False
Shinkyoku Soukai Polyphonica Crimson S,False
Shinrei Tantei Yakumo,False
Shinreigari: Ghost Hound,False
Shinryaku! Ika Musume,False
Shinryaku!! Ika Musume,False
Shinryaku!? Ika Musume,False
Shinsekai yori,True
Shion no Ou,False
Shirobako,False
Shirogane no Ishi: Argevollen,False
Shirokuma Cafe,False
Shisha no Teikoku,False
Shonan Junai Gumi!,False
Shoujo Kakumei Utena,False
Shoujo Kakumei Utena: Adolescence Mokushiroku,False
Shoujo-tachi wa Kouya wo Mezasu,False
Shounen Maid,False
Shounen Onmyouji,False
Shouwa Genroku Rakugo Shinjuu,False
Show By Rock!!,False
Shugo Chara!,True
Shugo Chara! Party!,False
Shugo Chara!! Doki,False
Sidonia no Kishi,False
Sidonia no Kishi: Daikyuu Wakusei Seneki,False
Simoun,False
Sketchbook: Full Color&#039;s,False
Skip Beat!,True
Skull Man,False
Sky Girls,False
Slam Dunk,False
Slayers,False
Slayers Evolution-R,False
Slayers Excellent,False
Slayers Gorgeous,False
Slayers Great,False
Slayers Next,False
Slayers Premium,False
Slayers Return,False
Slayers Revolution,False
Slayers Special,False
Slayers Try,False
Slayers: The Motion Picture,False
So Ra No Wo To,False
Sola,False
Solty Rei,False
SoniAni: Super Sonico The Animation,False
Sonic X,False
Sora no Manimani,False
Sora no Method,False
Sora wo Kakeru Shoujo,False
Sora wo Miageru Shoujo no Hitomi ni Utsuru Sekai,False
Sore ga Seiyuu!,False
Soredemo Machi wa Mawatteiru,False
Soredemo Sekai wa Utsukushii,False
Soukyuu no Fafner: Dead Aggressor,False
Soul Eater,True
Soul Link,False
Sousei no Aquarion,False
SpaceâDandy,False
SpaceâDandy 2nd Season,False
Special A,True
Speed Grapher,False
Spiral: Suiri no Kizuna,False
Spriggan,False
Star Driver: Kagayaki no Takuto,False
Starmyu,False
Steamboy,False
Steins;Gate,True
Steins;Gate Movie: Fuka Ryouiki no DÃ©jÃ  vu,True
Stella Jogakuin Koutou-ka CÂ³-bu,False
Strait Jacket,False
Strange+,False
Stranger: Mukou Hadan,True
Strawberry Panic,False
Street Fighter II V,False
Street Fighter II: The Movie,False
Subete ga F ni Naru: The Perfect Insider,False
Sugar Sugar Rune,False
Suisei no Gargantia,True
"Suisei no Gargantia: Meguru Kouro, Haruka",False
Suki na Mono wa Suki Dakara Shou ga Nai!!,False
Sukitte Ii na yo.,True
Sukitte Ii na yo.: Dareka ga,False
Summer Wars,True
Sumomomo Momomo: Chijou Saikyou no Yome,False
Super Lovers,False
Super Seisyun Brothers,False
Supernatural The Animation,False
Suzuka,False
Suzumiya Haruhi no Shoushitsu,True
Suzumiya Haruhi no Yuuutsu,True
Suzumiya Haruhi no Yuuutsu (2009),True
Sweat Punch,False
Switch,False
Sword Art Online,True
Sword Art Online II,True
Taboo Tattoo,False
Tactics,False
Taifuu no Noruda,False
Takanashi Rikka Kai: Chuunibyou demo Koi ga Shitai! Movie,False
Tales of Phantasia The Animation,False
Tales of Symphonia The Animation: Sekai Tougou-hen,False
Tales of Symphonia The Animation: Sylvarant-hen,False
Tales of Symphonia The Animation: Tethe&#039;alla-hen,False
Tales of Vesperia: The First Strike,False
Tales of Zestiria the X,False
Tales of the Abyss,False
Tamako Love Story,False
Tamako Market,False
Tamayura,False
Tamayura: Hitotose,False
Tanaka-kun wa Itsumo Kedaruge,False
Tantei Gakuen Q,False
Tantei Opera Milky Holmes,False
Tari Tari,False
Tasogare Otome x Amnesia,True
Tatakau Shisho: The Book of Bantorra,False
Tears to Tiara,False
Teekyuu,False
Teekyuu 2,False
Teekyuu 3,False
Tegamibachi,False
Tegamibachi Reverse,False
Tekken: Blood Vengeance,False
Tekkon Kinkreet,False
Tenchi Muyou! Ryououki,False
Tenchi Muyou! in Love,False
Tengen Toppa Gurren Lagann,True
Tengen Toppa Gurren Lagann Movie: Gurren-hen,False
Tengen Toppa Gurren Lagann Movie: Lagann-hen,False
Tengen Toppa Gurren Lagann Movie: Lagann-hen Special - Viral no Amai Yume,False
Tengen Toppa Gurren Lagann: Ore no Gurren wa Pikka-Pika!!,False
Tenjou Tenge: The Past Chapter,False
Tenjou Tenge: The Ultimate Fight,False
Tenkuu no Escaflowne,False
Tenkuu no Shiro Laputa,True
Tenshi Kinryouku,False
Tenshi na Konamaiki,False
Tenshi no Tamago,False
Terra Formars,False
Terra Formars Revenge,False
Terra Formars: Bugs 2-hen,False
Terra e... (TV),False
Tetsuwan Birdy,False
Tetsuwan Birdy Decode,False
Tetsuwan Birdy Decode: The Cipher,False
Tetsuwan Birdy Decode:02,False
Texhnolyze,False
The Animatrix,False
The Big O,False
The Last: Naruto the Movie,False
The Law of Ueki,False
The Sky Crawlers,False
The SoulTaker: Tamashii-gari,False
The Third: Aoi Hitomi no Shoujo,False
The iDOLM@STER,False
The iDOLM@STER Cinderella Girls,False
The iDOLM@STER Cinderella Girls 2nd Season,False
Thermae Romae,False
Tiger &amp; Bunny,False
Tiger &amp; Bunny Movie 1: The Beginning,False
Tiger &amp; Bunny Movie 2: The Rising,False
Tight-rope,False
Toaru Hikuushi e no Koiuta,False
Toaru Hikuushi e no Tsuioku,False
Toaru Kagaku no Railgun,True
Toaru Kagaku no Railgun S,False
Toaru Kagaku no Railgun S: Daiji na Koto wa Zenbu Sentou ni Osowatta,False
Toaru Kagaku no Railgun: Misaka-san wa Ima Chuumoku no Mato desukara,False
Toaru Majutsu no Index,True
Toaru Majutsu no Index II,True
Toaru Majutsu no Index: Endymion no Kiseki,False
Togainu no Chi,False
Toki wo Kakeru Shoujo,True
Tokkou,False
Tokyo ESP,False
Tokyo Ghoul,True
Tokyo Ghoul âA,True
Tokyo Ghoul: &quot;Jack&quot;,False
Tokyo Ghoul: &quot;Pinto&quot;,False
Tokyo Godfathers,True
Tokyo Magnitude 8.0,False
Tokyo Majin Gakuen Kenpucho: Tou,False
Tokyo Majin Gakuen Kenpucho: Tou Dai Ni Maku,False
Tokyo Marble Chocolate,False
Tokyo Mew Mew,True
Tokyo Ravens,False
Tokyo Underground,False
Tonari no Kaibutsu-kun,True
Tonari no Kaibutsu-kun: Tonari no Gokudou-kun,False
Tonari no Seki-kun,False
Tonari no Seki-kun OVA,False
Tonari no Totoro,True
Tonari no Yamada-kun,False
Top wo Nerae 2! Diebuster,False
Top wo Nerae! Gunbuster,False
Toradora!,True
Toradora! OVA,False
Toriko,False
Toshokan Sensou,False
Tottoko Hamtarou,False
Touch,False
Touhai Densetsu Akagi: Yami ni Maiorita Tensai,False
Touhou Niji Sousaku Doujin Anime: Musou Kakyou,False
Touka Gettan,False
Towa no Quon 1: Utakata no Kaben,False
Towa no Quon 2: Konton no Ranbu,False
Towa no Quon 3: Mugen no Renza,False
Towa no Quon 4: Guren no Shoushin,False
Towa no Quon 5: Souzetsu no Raifuku,False
Towa no Quon 6: Towa no Quon,False
Trigun,True
Trigun: Badlands Rumble,False
Trinity Blood,True
True Tears,True
Tsubasa Chronicle,True
Tsubasa Chronicle 2nd Season,False
Tsubasa Chronicle: Tori Kago no Kuni no Himegimi,False
Tsubasa: Shunraiki,False
Tsubasa: Tokyo Revelations,False
Tsukimonogatari,False
Tsukuyomi: Moon Phase,False
Tsumiki no Ie,False
Tsuritama,False
Tsuyokiss,False
Turn A Gundam,False
Tytania,False
UN-GO,False
UN-GO: Inga-ron,False
Uchouten Kazoku,False
Uchuu Kaizoku Captain Harlock,False
Uchuu Kyoudai,False
Uchuu Patrol Luluco,False
Uchuu Senkan Yamato 2199,False
Uchuu no Stellvia,False
Ultra Maniac,False
Umi Monogatari: Anata ga Ite Kureta Koto,False
Umineko no Naku Koro ni,True
Under the Dog,False
Uragiri wa Boku no Namae wo Shitteiru,False
Urusei Yatsura,False
Usagi Drop,True
Ushinawareta Mirai wo Motomete,False
Ushio to Tora (TV),False
Ushio to Tora (TV) 2nd Season,False
Uta Kata,False
Utawarerumono,False
Utawarerumono OVA,False
Utawarerumono: Itsuwari no Kamen,False
Vampire Hunter D,False
Vampire Hunter D (2000),True
Vampire Knight,True
Vampire Knight Guilty,True
Vassalord.,False
Venus Versus Virus,False
Vexille: 2077 Nihon Sakoku,False
Wagamama High Spec,False
Wagaya no Oinari-sama.,False
Wakaba*Girl,False
Wakako-zake,False
"Wake Up, Girls!",False
"Wake Up, Girls! Shichinin no Idol",False
Wasurenagumo,False
Watashi ga Motenai no wa Dou Kangaetemo Omaera ga Warui!,True
"Watashi ga Motenai no wa Dou Kangaetemo Omaera ga Warui!: Motenaishi, Nazomeite Miru",False
WeiÃ Kreuz,False
White Album 2,False
Winter Sonata,False
Witch Craft Works,False
Witch Craft Works OVA,False
Witch Hunter Robin,False
Witchblade,False
Wizard Barristers: Benmashi Cecil,False
Wolf&#039;s Rain,True
Wolf&#039;s Rain OVA,False
Wolverine,False
Wonderful Days,False
Working!!,True
Working!!!,False
Working&#039;!!,False
World Destruction: Sekai Bokumetsu no Rokunin,False
World Trigger,False
X,False
X-Men,False
X/1999,False
Xenosaga The Animation,False
Yahari Ore no Seishun Love Comedy wa Machigatteiru.,True
Yahari Ore no Seishun Love Comedy wa Machigatteiru. OVA,False
Yahari Ore no Seishun Love Comedy wa Machigatteiru. Zoku,True
Yahari Ore no Seishun Love Comedy wa Machigatteiru. Zoku OVA,False
Yakitate!! Japan,False
Yama no Susume,False
Yamada-kun to 7-nin no Majo (OVA),False
Yamato Nadeshiko Shichihengeâ¥,True
Yami Shibai,False
Yami Shibai 2nd Season,False
Yami no Matsuei,False
Yoake Mae yori Ruriiro na: Crescent Love,False
Yojouhan Shinwa Taikei,False
Yokuwakaru Gendaimahou,False
"Yondemasu yo, Azazel-san.",False
"Yondemasu yo, Azazel-san. (TV)",False
"Yondemasu yo, Azazel-san. Z",False
Yoru no Yatterman,False
Youjuu Toshi,False
Young Black Jack,False
Yowamushi Pedal,False
Yowamushi Pedal: Grande Road,False
Yozakura Quartet,False
Yozakura Quartet: Hana no Uta,False
Yozakura Quartet: Hoshi no Umi,False
Yozakura Quartet: Tsuki ni Naku,False
Yume-iro PÃ¢tissiÃ¨re,False
Yume-iro PÃ¢tissiÃ¨re SP Professional,False
Yumekui Merry,False
Yuri Kuma Arashi,False
Yuru Yuri,True
Yuru Yuri Nachuyachumi!,False
Yuru Yuri SanâHai!,False
Yuru Yuriâªâª,False
Yuuki Yuuna wa Yuusha de Aru,False
YuuâYuuâHakusho,True
YuuâYuuâHakusho (Movie),False
YuuâYuuâHakusho: Meikai Shitou-hen - Honoo no Kizuna,False
Yuyushiki,False
YuâGiâOh!,True
YuâGiâOh! (1999),False
YuâGiâOh! 5D&#039;s,False
YuâGiâOh! Duel Monsters,True
YuâGiâOh! Zexal,False
YuâGiâOh!: Duel Monsters GX,False
YuâGiâOh!: Hikari no Pyramid,False
Z/X: Ignition,False
Zan Sayonara Zetsubou Sensei,False
Zan Sayonara Zetsubou Sensei Bangaichi,False
Zankyou no Terror,True
Zegapain,False
Zetman,False
Zetsuen no Tempest,True
Zettai Bouei Leviathan,False
Zettai Karen Children,False
Zettai Karen Children: The Unlimited - Hyoubu Kyousuke,False
Zoids,False
Zoids Shinseiki/Zero,False
Zoku Natsume Yuujinchou,False
Zoku Sayonara Zetsubou Sensei,False
Zombie-Loan,True
Zutto Mae kara Suki deshita.: Kokuhaku Jikkou Iinkai,False
ef: A Tale of Melodies.,False
ef: A Tale of Memories.,True
iDOLM@STER Xenoglossia,False
s.CRY.ed,False
xxxHOLiC,True
xxxHOLiC Kei,False
xxxHOLiC Movie: Manatsu no Yoru no Yume,False
xxxHOLiC Rou,False
xxxHOLiC Shunmuki,False
